¼ø¹ø,Ç°¸ñ°è¿­,ÀÏ·Ã¹øÈ£
1,(º¥Á¨) MP-¥Ò30KN¥±,770654
2,(º¥Á¨) MP-¥Ò30KN¥±,770655
3,(º¥Á¨) MP-¥Ò30KN¥±,770658
4,(º¥Á¨) MP-¥Ò30KN¥±,770660
5,(º¥Á¨) MP-¥Ò30KN¥±,141411
6,(º¥Á¨) MP-¥Ò30KN¥±,141412
7,(º¥Á¨) MP-¥Ò30KN¥±,850746
8,(SO2) Serinus50i,17-1733
9,(SO2) Serinus50i,17-1906
10,(SO2) Serinus50i,17-1912
11,(SO2) Serinus50i,18-0318
12,(SO2) Serinus50i,17-1798
13,(SO2) Serinus50i,17-1903
14,(SO2) Serinus50i,17-0866
15,(PM-2.5) PMS-204,1501478
16,(PM-2.5) PMS-204,1501479
17,(PM-2.5) PMS-204,1501481
18,(PM-2.5) PMS-204,1501489
19,(PM-2.5) PMS-204,1501490
20,(PM-2.5) PMS-204,1501504
21,(PM-2.5) PMS-204,1501505
22,(PM-2.5) PMS-204,1501506
23,(PM-2.5) PMS-204,1501507
24,(PM-2.5) PMS-204,1501508
25,(PM-2.5) PMS-204,1501511
26,(PM-2.5) PMS-204,1501512
27,(PM-2.5) PMS-204,1501513
28,(PM-2.5) PMS-204,1501514
29,(PM-2.5) PMS-204,1501515
30,(PM-2.5) PMS-204,1501516
31,(PM-2.5) PMS-204,1501517
32,(PM-2.5) PMS-204,1501518
33,(PM-2.5) PMS-204,1501519
34,(PM-2.5) PMS-204,1501520
35,(PM-2.5) PMS-204,1708786
36,(PM-2.5) PMS-204,1708787
37,(PM-2.5) PMS-204,1708788
38,(PM-2.5) PMS-204,1708789
39,(PM-2.5) PMS-204,1708790
40,(PM-2.5) PMS-204,1708793
41,(PM-2.5) PMS-204,1709797
42,(PM-2.5) PMS-204,1709798
43,(PM-2.5) PMS-204,1708791
44,(PM-2.5) PMS-204,1708792
45,(PM-2.5) PMS-204,1708794
46,(PM-2.5) PMS-204,1708795
47,(PM-2.5) KMS-4200,19P404
48,(PM-2.5) KMS-4200,20P556
49,(PM-2.5) KMS-4200,20P557
50,(PM-2.5) KMS-4200,20P558
51,(PM-2.5) KMS-4200,20P564
52,(PM-2.5) KMS-4200,20P565
53,(PM-2.5) KMS-4200,22P614
54,(PM-2.5) KMS-4200,22P615
55,(PM-2.5) E-BAM,T25861
56,(PM-2.5) E-BAM,T25864
57,(PM-2.5) E-BAM,W17343
58,(PM-2.5) E-BAM,W17344
59,(PM-2.5) E-BAM,W17345
60,(PM-2.5) E-BAM,W17346
61,(PM-2.5) E-BAM,W17347
62,(PM-2.5) E-BAM,T25860
63,(PM-2.5) E-BAM,T25862
64,(PM-2.5) E-BAM,T25863
65,(PM-2.5) BAM 1020,X22198
66,(PM-2.5) BAM 1020,X16838
67,(PM-10) PMS-204,1904003
68,(PM-10) PMS-204,1904004
69,(PM-10) PMS-204,1904005
70,(PM-10) PMS-204,1904006
71,(PM-10) PMS-204,1904007
72,(PM-10) PMS-204,1904008
73,(PM-10) PMS-204,1904009
74,(PM-10) PMS-204,1904010
75,(PM-10) PMS-204,1904011
76,(PM-10) PMS-204,1904012
77,(PM-10) KMS-4200,18P353
78,(PM-10) KMS-4200,18P354
79,(PM-10) KMS-4200,18P355
80,(PM-10) KMS-4200,18P356
81,(PM-10) KMS-4200,18P357
82,(PM-10) KMS-4200,18P358
83,(PM-10) KMS-4200,18P359
84,(PM-10) KMS-4200,18P360
85,(PM-10) KMS-4200,18P361
86,(PM-10) KMS-4200,18P366
87,(PM-10) KMS-4200,18P367
88,(PM-10) KMS-4200,18P368
89,(PM-10) KMS-4200,18P369
90,(PM-10) KMS-4200,18P370
91,(PM-10) KMS-4200,18P371
92,(PM-10) KMS-4200,18P372
93,(PM-10) KMS-4200,18P373
94,(PM-10) KMS-4200,18P374
95,(PM-10) KMS-4200,18P375
96,(PM-10) KMS-4200,19P424
97,(PM-10) KMS-4200,19P425
98,(PM-10) KMS-4200,19P426
99,(PM-10) KMS-4200,19P427
100,(PM-10) KMS-4200,19P428
101,(PM-10) KMS-4200,19P433
102,(PM-10) KMS-4200,19P405
103,(PM-10) KMS-4200,19P429
104,(PM-10) KMS-4200,19P430
105,(PM-10) KMS-4200,19P431
106,(PM-10) KMS-4200,19P432
107,(PM-10) KMS-4200,20P568
108,(PM-10) KMS-4200,20P569
109,(PM-10) KMS-4200,20P570
110,(PM-10) KMS-4200,20P572
111,(PM-10) KMS-4200,20P573
112,(PM-10) KMS-4200,22P616
113,(PM-10) KMS-4200,22P617
114,(PM-10) E-BAM,P22857
115,(PM-10) E-BAM,R10783
116,(PM-10) E-BAM,T15942
117,(PM-10) E-BAM,T15943
118,(PM-10) E-BAM,T15945
119,(PM-10) E-BAM,T18759
120,(PM-10) E-BAM,T18764
121,(PM-10) E-BAM,X18018
122,(PM-10) E-BAM,X18019
123,(PM-10) E-BAM,X18020
124,(PM-10) E-BAM,X18021
125,(PM-10) E-BAM,X18022
126,(PM-10) E-BAM,Y17930
127,(PM-10) E-BAM,Y17932
128,(PM-10) E-BAM,Y17933
129,(PM-10) E-BAM,R10532
130,(PM-10) E-BAM,R10454
131,(PM-10) E-BAM,R10185
132,(PM-10) E-BAM,Y22710
133,(PM-10) E-BAM,Y22705
134,(PM-10) BAM 1020,X22196
135,(PM-10) BAM 1020,X17815
136,(Pb) TFIA-2,25281T
137,(Pb) TFIA-2,25308T
138,(Pb) TFIA-2,25314T
139,(Pb) TFIA-2,25320T
140,(Pb) T8400ME,TA2999
141,(Pb) T8400ME,TA3265
142,(Pb) T8400ME,TA2902
143,(Pb) T8400ME,TA3376
144,(Pb) T8400ME,TA3160
145,(Pb) T8400ME,TA3209
146,(Pb) T8400ME,TA3275
147,(Pb) T8400ME,TA3591
148,(Pb) T8400ME,TA2911
149,(Pb) T8400ME,TA3267
150,(Pb) T8400ME,TA3268
151,(Pb) T8400ME,TA3154
152,(Pb) T8400ME,TA3277
153,(Pb) T8400ME,TA3724
154,(Pb) T8400ME,TA3696
155,(Pb) T8400ME,TA3703
156,(Pb) T8400ME,TA3723
157,(Pb) T8400ME,4159/TA3671
158,(Pb) T8400ME,4162/TA3674
159,(Pb) T8400ME,4170/TA3682
160,(Pb) T8400ME,4176/TA3688
161,(Pb) T8400ME,4210/TA3712
162,(Pb) T8400ME,4211/TA3713
163,(Pb) T8400ME,4212/TA3714
164,(Pb) T8400ME,4238/TA3741
165,(Pb) T8400ME,4241/TA3744
166,(Pb) T8400ME,3973
167,(Pb) T8400ME,TA3281
168,(O3) Serinus10i,17-0126
169,(O3) Serinus10i,17-0128
170,(O3) Serinus10i,17-0129
171,(O3) Serinus10i,17-0131
172,(O3) Serinus10i,17-0132
173,(O3) Serinus10i,17-0133
174,(O3) Serinus10i,17-0134
175,(O3) Serinus10i,17-0988
176,(O3) Serinus10i,20-1382
177,(O3) Serinus10i,20-1384
178,(O3) Serinus10i,20-1393
179,(O3) Serinus10i,20-1560
180,(O3) Serinus10i,20-1571
181,(O3) Serinus10i,21-0321
182,(O3) Serinus10i,21-0349
183,(O3) Serinus10i,21-0524
184,(O3) Serinus10i,17-0125
185,(O3) Serinus10i,17-0127
186,(O3) Serinus10i,17-0130
187,(O3) Serinus10i,21-0322
188,(O3) Serinus10i,21-0353
189,(O3) Serinus10i,21-0356
190,(O3) Serinus10i,21-0507
191,(O3) Serinus10i,21-1357
192,(O3) Serinus10i,17-1391
193,(O3) 49iQ,1190581598
194,(O3) 49iQ,1192754688
195,(O3) 49i,1182050011
196,(O3) 49i,CM19420293
197,(O3) 49i,CM20477383
198,"(NOx, SOx) BMW-5000",722
199,"(NOx, SOx) BMW-5000",723
200,"(NOx, SOx) BMW-5000",724
201,"(NOx, SOx) BMW-5000",726
202,"(NOx, SOx) BMW-5000",848
203,"(NOx, SOx) BMW-5000",849
204,"(NOx, SOx) BMW-5000",850
205,"(NOx, SOx) BMW-5000",851
206,"(NOx, SOx) BMW-5000",852
207,"(NOx, SOx) BMW-5000",853
208,"(NOx, SOx) BMW-5000",854
209,"(NOx, SOx) BMW-5000",855
210,"(NOx, SOx) BMW-5000",856
211,"(NOx, SOx) BMW-5000",857
212,"(NOx, SOx) BMW-5000",858
213,"(NOx, SOx) BMW-5000",1311
214,"(NOx, SOx) BMW-5000",1312
215,"(NOx, SOx) BMW-5000",1313
216,"(NOx, SOx) BMW-5000",1314
217,"(NOx, SOx) BMW-5000",1315
218,"(NOx, SOx) BMW-5000",1316
219,"(NOx, SOx) BMW-5000",1317
220,"(NOx, SOx) BMW-5000",1318
221,"(NOx, SOx) BMW-5000",1319
222,"(NOx, SOx) BMW-5000",1320
223,"(NOx, SOx) BMW-5000",1789
224,"(NOx, SOx) BMW-5000",1790
225,"(NOx, SOx) BMW-5000",1791
226,"(NOx, SOx) BMW-5000",1792
227,"(NOx, SOx) BMW-5000",1793
228,"(NOx, SOx) BMW-5000",1794
229,"(NOx, SOx) BMW-5000",1795
230,"(NOx, SOx) BMW-5000",1796
231,"(NOx, SOx) BMW-5000",1797
232,"(NOx, SOx) BMW-5000",1798
233,"(NOx, SOx) BMW-5000",717
234,"(NOx, SOx) BMW-5000",718
235,"(NOx, SOx) BMW-5000",719
236,"(NOx, SOx) BMW-5000",720
237,"(NOx, SOx) BMW-5000",909
238,"(NOx, SOx) BMW-5000",1500
239,"(NOx, SOx) BMW-5000",1626
240,"(NOx, SOx) BMW-5000",1627
241,"(NOx, SOx) BMW-5000",1628
242,"(NOx, SOx) BMW-5000",1744
243,"(NOx, SOx) BMW-5000",1745
244,"(NOx, SOx) BMW-5000",1746
245,"(NOx, SOx) BMW-5000",1847
246,"(NOx, SOx) BMW-5000",1848
247,(NO2) Serinus40,18-0984
248,(NO2) Serinus40,20-2180
249,(NO2) Serinus40,21-0515
250,(NO2) Serinus40,21-0516
251,(NO2) Serinus40,21-0517
252,(NO2) Serinus40,21-0518
253,(NO2) Serinus40,18-0353
254,(NO2) MEZUS-210,K1515022
255,(NO2) MEZUS-210,K1515023
256,(NO2) MEZUS-210,K1612016
257,(NO2) MEZUS-210,K1612017
258,(NO2) MEZUS-210,K1614022
259,(NO2) MEZUS-210,K1614024
260,(NO2) MEZUS-210,K1515019
261,(NO2) MEZUS-210,K1515020
262,(NO2) MEZUS-210,K1515021
263,(NO2) MEZUS-210,K1614023
264,(CO) Serinus30i,17-1509
265,(CO) Serinus30i,20-1348
266,(CO) Serinus30i,20-1502
267,(CO) Serinus30i,20-1503
268,(CO) Serinus30i,20-1508
269,(CO) Serinus30i,20-1509
270,(CO) Serinus30i,20-2128
271,(CO) Serinus30i,20-2131
272,(CO) Serinus30i,20-2311
273,(CO) Serinus30i,20-2313
274,(CO) Serinus30i,21-0330
275,(CO) Serinus30i,21-0331
276,(CO) Serinus30i,18-0145
277,(CO) Serinus30i,18-0147
278,(CO) Serinus30i,18-0159
279,(CO) Serinus30i,18-0310
280,(CO) Serinus30i,18-0328
281,(CO) Serinus30i,20-2132
282,(CO) Serinus30i,20-2171
283,(CO) Serinus30i,20-2305
284,(CO) Serinus30i,21-1394
285,(CO) Serinus30i,21-2173
286,(CO) Serinus30i,18-0320
287,(CO) MEZUS-310,K1612019
288,(CO) MEZUS-310,K1614025A
289,(CO) MEZUS-310,K1614026A
290,(CO) MEZUS-310,K1614027A
291,(CO) 48iQ,1201888256
292,(CO) 48iQ,1202038522
293,(CO) 48i,CM19420243
